date,activityType,steps,grossCalories,calories,distanceInMeters,activeTimeInSeconds
"12/17/2016, 00:00:00 +0800",Pedometer,2235.0,0.0,0.0,1437.0,0.0
"12/18/2016, 00:00:00 +0800",Pedometer,5589.0,0.0,0.0,3276.0,0.0
"12/19/2016, 00:00:00 +0800",Pedometer,10421.0,0.0,0.0,6339.0,0.0
"12/20/2016, 00:00:00 +0800",Pedometer,3804.0,0.0,0.0,2208.0,0.0
"12/21/2016, 00:00:00 +0800",Pedometer,1707.0,0.0,0.0,1078.0,0.0
"12/22/2016, 00:00:00 +0800",Pedometer,4576.0,0.0,0.0,2677.0,0.0
"12/23/2016, 00:00:00 +0800",Pedometer,8374.0,0.0,0.0,4815.0,0.0
"12/24/2016, 00:00:00 +0800",Pedometer,654.0,0.0,0.0,429.0,0.0
"12/25/2016, 00:00:00 +0800",Pedometer,2481.0,0.0,0.0,1557.0,0.0
"12/26/2016, 00:00:00 +0800",Pedometer,6795.0,0.0,0.0,3890.0,0.0
"12/27/2016, 00:00:00 +0800",Pedometer,5287.0,0.0,0.0,3081.0,0.0
"12/28/2016, 00:00:00 +0800",Pedometer,9659.0,0.0,0.0,5862.0,0.0
"12/29/2016, 00:00:00 +0800",Pedometer,10152.0,0.0,0.0,6053.0,0.0
"12/30/2016, 00:00:00 +0800",Pedometer,8677.0,0.0,0.0,5133.0,0.0
"12/31/2016, 00:00:00 +0800",Pedometer,5117.0,0.0,0.0,3118.0,0.0
"01/01/2017, 00:00:00 +0800",Pedometer,2071.0,0.0,0.0,1206.0,0.0
"01/02/2017, 00:00:00 +0800",Pedometer,714.0,0.0,0.0,460.0,0.0
"01/03/2017, 00:00:00 +0800",Pedometer,7866.0,0.0,0.0,4654.0,0.0
"01/04/2017, 00:00:00 +0800",Pedometer,8809.0,0.0,0.0,5281.0,0.0
"01/05/2017, 00:00:00 +0800",Pedometer,11333.0,0.0,0.0,6347.0,0.0
"01/06/2017, 00:00:00 +0800",Pedometer,7431.0,0.0,0.0,4514.0,0.0
"01/07/2017, 00:00:00 +0800",Pedometer,1476.0,0.0,0.0,936.0,0.0
"01/08/2017, 00:00:00 +0800",Pedometer,14782.0,0.0,0.0,8893.0,0.0
"01/09/2017, 00:00:00 +0800",Pedometer,6679.0,0.0,0.0,4005.0,0.0
"01/10/2017, 00:00:00 +0800",Pedometer,3318.0,0.0,0.0,2053.0,0.0
"01/11/2017, 00:00:00 +0800",Pedometer,8028.0,0.0,0.0,4847.0,0.0
"01/12/2017, 00:00:00 +0800",Pedometer,3258.0,0.0,0.0,1955.0,0.0
"01/13/2017, 00:00:00 +0800",Pedometer,12609.0,0.0,0.0,7527.0,0.0
"01/14/2017, 00:00:00 +0800",Pedometer,6514.0,0.0,0.0,3886.0,0.0
"01/15/2017, 00:00:00 +0800",Pedometer,2322.0,0.0,0.0,1453.0,0.0
"01/16/2017, 00:00:00 +0800",Pedometer,5986.0,0.0,0.0,3498.0,0.0
"01/17/2017, 00:00:00 +0800",Pedometer,5216.0,0.0,0.0,3156.0,0.0
"01/18/2017, 00:00:00 +0800",Pedometer,4794.0,0.0,0.0,2986.0,0.0
"01/19/2017, 00:00:00 +0800",Pedometer,5551.0,0.0,0.0,3581.0,0.0
"01/20/2017, 00:00:00 +0800",Pedometer,9738.0,0.0,0.0,5946.0,0.0
"01/21/2017, 00:00:00 +0800",Pedometer,1090.0,0.0,0.0,757.0,0.0
"01/22/2017, 00:00:00 +0800",Pedometer,12184.0,0.0,0.0,7025.0,0.0
"01/23/2017, 00:00:00 +0800",Pedometer,877.0,0.0,0.0,576.0,0.0
"01/24/2017, 00:00:00 +0800",Pedometer,8028.0,0.0,0.0,4669.0,0.0
"01/25/2017, 00:00:00 +0800",Pedometer,8433.0,0.0,0.0,5062.0,0.0
"01/26/2017, 00:00:00 +0800",Pedometer,14291.0,0.0,0.0,8353.0,0.0
"01/27/2017, 00:00:00 +0800",Pedometer,3667.0,0.0,0.0,2367.0,0.0
"01/28/2017, 00:00:00 +0800",Pedometer,4550.0,0.0,0.0,2792.0,0.0
"01/29/2017, 00:00:00 +0800",Pedometer,4796.0,0.0,0.0,3019.0,0.0
"01/30/2017, 00:00:00 +0800",Pedometer,3789.0,0.0,0.0,2233.0,0.0
"01/31/2017, 00:00:00 +0800",Pedometer,974.0,0.0,0.0,623.0,0.0
"02/01/2017, 00:00:00 +0800",Pedometer,4810.0,0.0,0.0,2988.0,0.0
"02/02/2017, 00:00:00 +0800",Pedometer,12900.0,0.0,0.0,7464.0,0.0
"02/03/2017, 00:00:00 +0800",Pedometer,9280.0,0.0,0.0,5767.0,0.0
"02/04/2017, 00:00:00 +0800",Pedometer,7719.0,0.0,0.0,4547.0,0.0
"02/05/2017, 00:00:00 +0800",Pedometer,815.0,0.0,0.0,544.0,0.0
"02/06/2017, 00:00:00 +0800",Pedometer,2843.0,0.0,0.0,1716.0,0.0
"02/07/2017, 00:00:00 +0800",Pedometer,5163.0,0.0,0.0,3366.0,0.0
"02/08/2017, 00:00:00 +0800",Pedometer,1852.0,0.0,0.0,1166.0,0.0
"02/09/2017, 00:00:00 +0800",Pedometer,891.0,0.0,0.0,609.0,0.0
"02/10/2017, 00:00:00 +0800",Pedometer,4944.0,0.0,0.0,3244.0,0.0
"02/11/2017, 00:00:00 +0800",Pedometer,2732.0,0.0,0.0,1797.0,0.0
"02/12/2017, 00:00:00 +0800",Pedometer,4832.0,0.0,0.0,2866.0,0.0
"02/13/2017, 00:00:00 +0800",Pedometer,1431.0,0.0,0.0,885.0,0.0
"02/14/2017, 00:00:00 +0800",Pedometer,8696.0,0.0,0.0,5197.0,0.0
"02/15/2017, 00:00:00 +0800",Pedometer,9663.0,0.0,0.0,5876.0,0.0
"02/16/2017, 00:00:00 +0800",Pedometer,8260.0,0.0,0.0,5085.0,0.0
"02/17/2017, 00:00:00 +0800",Pedometer,19063.0,0.0,0.0,11056.0,0.0
"02/18/2017, 00:00:00 +0800",Pedometer,2159.0,0.0,0.0,1295.0,0.0
"02/19/2017, 00:00:00 +0800",Pedometer,4841.0,0.0,0.0,2852.0,0.0
"02/20/2017, 00:00:00 +0800",Pedometer,978.0,0.0,0.0,696.0,0.0
"02/21/2017, 00:00:00 +0800",Pedometer,7907.0,0.0,0.0,4734.0,0.0
"02/22/2017, 00:00:00 +0800",Pedometer,12487.0,0.0,0.0,7246.0,0.0
"02/23/2017, 00:00:00 +0800",Pedometer,9279.0,0.0,0.0,5640.0,0.0
"02/24/2017, 00:00:00 +0800",Pedometer,20002.0,0.0,0.0,11842.0,0.0
"02/25/2017, 00:00:00 +0800",Pedometer,22757.0,0.0,0.0,13499.0,0.0
"02/26/2017, 00:00:00 +0800",Pedometer,23421.0,0.0,0.0,14280.0,0.0
"02/27/2017, 00:00:00 +0800",Pedometer,22959.0,0.0,0.0,14347.0,0.0
"02/28/2017, 00:00:00 +0800",Pedometer,20572.0,0.0,0.0,12655.0,0.0
"03/01/2017, 00:00:00 +0800",Pedometer,8786.0,0.0,0.0,5458.0,0.0
"03/02/2017, 00:00:00 +0800",Pedometer,3980.0,0.0,0.0,2554.0,0.0
"03/03/2017, 00:00:00 +0800",Pedometer,9991.0,0.0,0.0,5937.0,0.0
"03/04/2017, 00:00:00 +0800",Pedometer,759.0,0.0,0.0,492.0,0.0
"03/05/2017, 00:00:00 +0800",Pedometer,4462.0,0.0,0.0,2710.0,0.0
"03/06/2017, 00:00:00 +0800",Pedometer,4774.0,0.0,0.0,2810.0,0.0
"03/07/2017, 00:00:00 +0800",Pedometer,4067.0,0.0,0.0,2388.0,0.0
"03/08/2017, 00:00:00 +0800",Pedometer,2714.0,0.0,0.0,1604.0,0.0
"03/09/2017, 00:00:00 +0800",Pedometer,8381.0,0.0,0.0,5048.0,0.0
"03/10/2017, 00:00:00 +0800",Pedometer,11113.0,0.0,0.0,6558.0,0.0
"03/11/2017, 00:00:00 +0800",Pedometer,2215.0,0.0,0.0,1367.0,0.0
"03/12/2017, 00:00:00 +0800",Pedometer,639.0,0.0,0.0,440.0,0.0
"03/13/2017, 00:00:00 +0800",Pedometer,8158.0,0.0,0.0,4741.0,0.0
"03/14/2017, 00:00:00 +0800",Pedometer,7664.0,0.0,0.0,4511.0,0.0
"03/15/2017, 00:00:00 +0800",Pedometer,5575.0,0.0,0.0,3107.0,0.0
"03/16/2017, 00:00:00 +0800",Pedometer,6018.0,0.0,0.0,3458.0,0.0
"03/17/2017, 00:00:00 +0800",Pedometer,2551.0,0.0,0.0,1692.0,0.0
"03/18/2017, 00:00:00 +0800",Pedometer,3103.0,0.0,0.0,1801.0,0.0
"03/19/2017, 00:00:00 +0800",Pedometer,13085.0,0.0,0.0,7786.0,0.0
"03/20/2017, 00:00:00 +0800",Pedometer,8640.0,0.0,0.0,5397.0,0.0
"03/21/2017, 00:00:00 +0800",Pedometer,8485.0,0.0,0.0,5110.0,0.0
"03/22/2017, 00:00:00 +0800",Pedometer,12481.0,0.0,0.0,7426.0,0.0
"03/23/2017, 00:00:00 +0800",Pedometer,192.0,0.0,0.0,121.0,0.0
"03/24/2017, 00:00:00 +0800",Pedometer,16553.0,0.0,0.0,10011.0,0.0
"03/25/2017, 00:00:00 +0800",Pedometer,5723.0,0.0,0.0,3333.0,0.0
"03/26/2017, 00:00:00 +0800",Pedometer,6507.0,0.0,0.0,3899.0,0.0
"03/27/2017, 00:00:00 +0800",Pedometer,5122.0,0.0,0.0,3172.0,0.0
"03/28/2017, 00:00:00 +0800",Pedometer,7180.0,0.0,0.0,4342.0,0.0
"03/29/2017, 00:00:00 +0800",Pedometer,5110.0,0.0,0.0,3104.0,0.0
"03/30/2017, 00:00:00 +0800",Pedometer,11389.0,0.0,0.0,6915.0,0.0
"03/31/2017, 00:00:00 +0800",Pedometer,13091.0,0.0,0.0,8080.0,0.0
"04/01/2017, 00:00:00 +0800",Pedometer,11204.0,0.0,0.0,7146.0,0.0
"04/02/2017, 00:00:00 +0800",Pedometer,10183.0,0.0,0.0,5970.0,0.0
"04/03/2017, 00:00:00 +0800",Pedometer,4721.0,0.0,0.0,2787.0,0.0
"04/04/2017, 00:00:00 +0800",Pedometer,10351.0,0.0,0.0,6391.0,0.0
"04/05/2017, 00:00:00 +0800",Pedometer,24416.0,0.0,0.0,14479.0,0.0
"04/06/2017, 00:00:00 +0800",Pedometer,6734.0,0.0,0.0,3967.0,0.0
"04/07/2017, 00:00:00 +0800",Pedometer,13257.0,0.0,0.0,7885.0,0.0
"04/08/2017, 00:00:00 +0800",Pedometer,3945.0,0.0,0.0,2444.0,0.0
"04/09/2017, 00:00:00 +0800",Pedometer,5709.0,0.0,0.0,3430.0,0.0
"04/10/2017, 00:00:00 +0800",Pedometer,5020.0,0.0,0.0,2894.0,0.0
"04/11/2017, 00:00:00 +0800",Pedometer,8089.0,0.0,0.0,4533.0,0.0
"04/12/2017, 00:00:00 +0800",Pedometer,254.0,0.0,0.0,169.0,0.0
"04/13/2017, 00:00:00 +0800",Pedometer,323.0,0.0,0.0,231.0,0.0
"04/14/2017, 00:00:00 +0800",Pedometer,1820.0,0.0,0.0,1207.0,0.0
"04/15/2017, 00:00:00 +0800",Pedometer,10717.0,0.0,0.0,6333.0,0.0
"04/16/2017, 00:00:00 +0800",Pedometer,3847.0,0.0,0.0,2261.0,0.0
"04/17/2017, 00:00:00 +0800",Pedometer,726.0,0.0,0.0,506.0,0.0
"04/18/2017, 00:00:00 +0800",Pedometer,584.0,0.0,0.0,387.0,0.0
"04/19/2017, 00:00:00 +0800",Pedometer,6937.0,0.0,0.0,4080.0,0.0
"04/20/2017, 00:00:00 +0800",Pedometer,3562.0,0.0,0.0,2268.0,0.0
"04/21/2017, 00:00:00 +0800",Pedometer,2885.0,0.0,0.0,1774.0,0.0
"04/22/2017, 00:00:00 +0800",Pedometer,1088.0,0.0,0.0,693.0,0.0
"04/23/2017, 00:00:00 +0800",Pedometer,9747.0,0.0,0.0,5594.0,0.0
"04/24/2017, 00:00:00 +0800",Pedometer,6352.0,0.0,0.0,3687.0,0.0
"04/25/2017, 00:00:00 +0800",Pedometer,3418.0,0.0,0.0,2039.0,0.0
"04/26/2017, 00:00:00 +0800",Pedometer,8884.0,0.0,0.0,5110.0,0.0
"04/27/2017, 00:00:00 +0800",Pedometer,631.0,0.0,0.0,433.0,0.0
"04/28/2017, 00:00:00 +0800",Pedometer,8497.0,0.0,0.0,5047.0,0.0
"04/29/2017, 00:00:00 +0800",Pedometer,732.0,0.0,0.0,475.0,0.0
"04/30/2017, 00:00:00 +0800",Pedometer,3042.0,0.0,0.0,1837.0,0.0
"05/01/2017, 00:00:00 +0800",Pedometer,3668.0,0.0,0.0,2241.0,0.0
"05/02/2017, 00:00:00 +0800",Pedometer,139.0,0.0,0.0,96.0,0.0
"05/03/2017, 00:00:00 +0800",Pedometer,10523.0,0.0,0.0,6093.0,0.0
"05/04/2017, 00:00:00 +0800",Pedometer,5967.0,0.0,0.0,3700.0,0.0
"05/05/2017, 00:00:00 +0800",Pedometer,3817.0,0.0,0.0,2169.0,0.0
"05/06/2017, 00:00:00 +0800",Pedometer,3450.0,0.0,0.0,2064.0,0.0
"05/07/2017, 00:00:00 +0800",Pedometer,6052.0,0.0,0.0,3541.0,0.0
"05/08/2017, 00:00:00 +0800",Pedometer,422.0,0.0,0.0,299.0,0.0
"05/09/2017, 00:00:00 +0800",Pedometer,8624.0,0.0,0.0,5027.0,0.0
"05/10/2017, 00:00:00 +0800",Pedometer,7721.0,0.0,0.0,4369.0,0.0
"05/11/2017, 00:00:00 +0800",Pedometer,7350.0,0.0,0.0,4470.0,0.0
"05/12/2017, 00:00:00 +0800",Pedometer,5677.0,0.0,0.0,3199.0,0.0
"05/13/2017, 00:00:00 +0800",Pedometer,671.0,0.0,0.0,469.0,0.0
"05/14/2017, 00:00:00 +0800",Pedometer,7048.0,0.0,0.0,4153.0,0.0
"05/15/2017, 00:00:00 +0800",Pedometer,3678.0,0.0,0.0,2236.0,0.0
"05/16/2017, 00:00:00 +0800",Pedometer,9679.0,0.0,0.0,5536.0,0.0
"05/17/2017, 00:00:00 +0800",Pedometer,4067.0,0.0,0.0,2490.0,0.0
"05/18/2017, 00:00:00 +0800",Pedometer,9796.0,0.0,0.0,6347.0,0.0
"05/19/2017, 00:00:00 +0800",Pedometer,5028.0,0.0,0.0,3057.0,0.0
"05/20/2017, 00:00:00 +0800",Pedometer,7102.0,0.0,0.0,4128.0,0.0
"05/21/2017, 00:00:00 +0800",Pedometer,589.0,0.0,0.0,402.0,0.0
"05/22/2017, 00:00:00 +0800",Pedometer,11212.0,0.0,0.0,6483.0,0.0
"05/23/2017, 00:00:00 +0800",Pedometer,3743.0,0.0,0.0,2279.0,0.0
"05/24/2017, 00:00:00 +0800",Pedometer,12890.0,0.0,0.0,7254.0,0.0
"05/25/2017, 00:00:00 +0800",Pedometer,6846.0,0.0,0.0,4177.0,0.0
"05/26/2017, 00:00:00 +0800",Pedometer,7242.0,0.0,0.0,4299.0,0.0
"05/27/2017, 00:00:00 +0800",Pedometer,2830.0,0.0,0.0,1649.0,0.0
"05/28/2017, 00:00:00 +0800",Pedometer,2493.0,0.0,0.0,1659.0,0.0
"05/29/2017, 00:00:00 +0800",Pedometer,8411.0,0.0,0.0,5084.0,0.0
"05/30/2017, 00:00:00 +0800",Pedometer,3603.0,0.0,0.0,2192.0,0.0
"05/31/2017, 00:00:00 +0800",Pedometer,5747.0,0.0,0.0,3566.0,0.0
"06/01/2017, 00:00:00 +0800",Pedometer,394.0,0.0,0.0,248.0,0.0
"06/02/2017, 00:00:00 +0800",Pedometer,5181.0,0.0,0.0,3059.0,0.0
"06/03/2017, 00:00:00 +0800",Pedometer,452.0,0.0,0.0,276.0,0.0
"06/04/2017, 00:00:00 +0800",Pedometer,764.0,0.0,0.0,525.0,0.0
"06/05/2017, 00:00:00 +0800",Pedometer,575.0,0.0,0.0,360.0,0.0
"06/06/2017, 00:00:00 +0800",Pedometer,10821.0,0.0,0.0,6461.0,0.0
"06/07/2017, 00:00:00 +0800",Pedometer,6448.0,0.0,0.0,4036.0,0.0
"06/08/2017, 00:00:00 +0800",Pedometer,1471.0,0.0,0.0,904.0,0.0
"06/09/2017, 00:00:00 +0800",Pedometer,1306.0,0.0,0.0,774.0,0.0
"06/10/2017, 00:00:00 +0800",Pedometer,2422.0,0.0,0.0,1445.0,0.0
"06/11/2017, 00:00:00 +0800",Pedometer,531.0,0.0,0.0,320.0,0.0
"06/12/2017, 00:00:00 +0800",Pedometer,1202.0,0.0,0.0,745.0,0.0
"06/13/2017, 00:00:00 +0800",Pedometer,6795.0,0.0,0.0,4005.0,0.0
"06/14/2017, 00:00:00 +0800",Pedometer,9435.0,0.0,0.0,5299.0,0.0
"06/15/2017, 00:00:00 +0800",Pedometer,7025.0,0.0,0.0,4271.0,0.0
"06/16/2017, 00:00:00 +0800",Pedometer,3081.0,0.0,0.0,1779.0,0.0
"06/17/2017, 00:00:00 +0800",Pedometer,392.0,0.0,0.0,272.0,0.0
"06/18/2017, 00:00:00 +0800",Pedometer,1397.0,0.0,0.0,839.0,0.0
"06/19/2017, 00:00:00 +0800",Pedometer,8756.0,0.0,0.0,5228.0,0.0
"06/20/2017, 00:00:00 +0800",Pedometer,4750.0,0.0,0.0,2919.0,0.0
"06/21/2017, 00:00:00 +0800",Pedometer,7907.0,0.0,0.0,4637.0,0.0
"06/22/2017, 00:00:00 +0800",Pedometer,2949.0,0.0,0.0,1781.0,0.0
"06/23/2017, 00:00:00 +0800",Pedometer,9521.0,0.0,0.0,5615.0,0.0
"06/24/2017, 00:00:00 +0800",Pedometer,8600.0,0.0,0.0,5175.0,0.0
"06/25/2017, 00:00:00 +0800",Pedometer,1041.0,0.0,0.0,723.0,0.0
"06/26/2017, 00:00:00 +0800",Pedometer,4015.0,0.0,0.0,2653.0,0.0
"06/27/2017, 00:00:00 +0800",Pedometer,5616.0,0.0,0.0,3533.0,0.0
"06/28/2017, 00:00:00 +0800",Pedometer,4134.0,0.0,0.0,2507.0,0.0
"06/29/2017, 00:00:00 +0800",Pedometer,2318.0,0.0,0.0,1429.0,0.0
"06/30/2017, 00:00:00 +0800",Pedometer,9006.0,0.0,0.0,5267.0,0.0
"07/01/2017, 00:00:00 +0800",Pedometer,1399.0,0.0,0.0,828.0,0.0
"07/02/2017, 00:00:00 +0800",Pedometer,4059.0,0.0,0.0,2547.0,0.0
"07/03/2017, 00:00:00 +0800",Pedometer,2728.0,0.0,0.0,1694.0,0.0
"07/04/2017, 00:00:00 +0800",Pedometer,2637.0,0.0,0.0,1681.0,0.0
"07/05/2017, 00:00:00 +0800",Pedometer,7613.0,0.0,0.0,4536.0,0.0
"07/06/2017, 00:00:00 +0800",Pedometer,8669.0,0.0,0.0,4938.0,0.0
"07/07/2017, 00:00:00 +0800",Pedometer,10722.0,0.0,0.0,6186.0,0.0
"07/08/2017, 00:00:00 +0800",Pedometer,394.0,0.0,0.0,267.0,0.0
"07/09/2017, 00:00:00 +0800",Pedometer,5710.0,0.0,0.0,3434.0,0.0
"07/10/2017, 00:00:00 +0800",Pedometer,10655.0,0.0,0.0,6387.0,0.0
"07/11/2017, 00:00:00 +0800",Pedometer,4503.0,0.0,0.0,2752.0,0.0
"07/12/2017, 00:00:00 +0800",Pedometer,2556.0,0.0,0.0,1493.0,0.0
"07/13/2017, 00:00:00 +0800",Pedometer,926.0,0.0,0.0,635.0,0.0
"07/14/2017, 00:00:00 +0800",Pedometer,999.0,0.0,0.0,686.0,0.0
"07/15/2017, 00:00:00 +0800",Pedometer,1196.0,0.0,0.0,813.0,0.0
"07/16/2017, 00:00:00 +0800",Pedometer,4509.0,0.0,0.0,2761.0,0.0
"07/17/2017, 00:00:00 +0800",Pedometer,5662.0,0.0,0.0,3395.0,0.0
"07/18/2017, 00:00:00 +0800",Pedometer,1317.0,0.0,0.0,822.0,0.0
"07/19/2017, 00:00:00 +0800",Pedometer,10386.0,0.0,0.0,6152.0,0.0
"07/20/2017, 00:00:00 +0800",Pedometer,6076.0,0.0,0.0,3618.0,0.0
"07/21/2017, 00:00:00 +0800",Pedometer,8565.0,0.0,0.0,4965.0,0.0
"07/22/2017, 00:00:00 +0800",Pedometer,4029.0,0.0,0.0,2365.0,0.0
"07/23/2017, 00:00:00 +0800",Pedometer,7808.0,0.0,0.0,4686.0,0.0
"07/24/2017, 00:00:00 +0800",Pedometer,7943.0,0.0,0.0,4704.0,0.0
"07/25/2017, 00:00:00 +0800",Pedometer,7459.0,0.0,0.0,4364.0,0.0
"07/26/2017, 00:00:00 +0800",Pedometer,7012.0,0.0,0.0,4253.0,0.0
"07/27/2017, 00:00:00 +0800",Pedometer,2183.0,0.0,0.0,1341.0,0.0
"07/28/2017, 00:00:00 +0800",Pedometer,6148.0,0.0,0.0,3692.0,0.0
"07/29/2017, 00:00:00 +0800",Pedometer,386.0,0.0,0.0,253.0,0.0
"07/30/2017, 00:00:00 +0800",Pedometer,2804.0,0.0,0.0,1745.0,0.0
"07/31/2017, 00:00:00 +0800",Pedometer,5628.0,0.0,0.0,3361.0,0.0
"08/01/2017, 00:00:00 +0800",Pedometer,6322.0,0.0,0.0,3745.0,0.0
"08/02/2017, 00:00:00 +0800",Pedometer,6216.0,0.0,0.0,3671.0,0.0
"08/03/2017, 00:00:00 +0800",Pedometer,1865.0,0.0,0.0,1182.0,0.0
"08/04/2017, 00:00:00 +0800",Pedometer,6413.0,0.0,0.0,3896.0,0.0
"08/05/2017, 00:00:00 +0800",Pedometer,8931.0,0.0,0.0,5231.0,0.0
"08/06/2017, 00:00:00 +0800",Pedometer,4952.0,0.0,0.0,2872.0,0.0
"08/07/2017, 00:00:00 +0800",Pedometer,4738.0,0.0,0.0,2834.0,0.0
"08/08/2017, 00:00:00 +0800",Pedometer,9647.0,0.0,0.0,5925.0,0.0
"08/09/2017, 00:00:00 +0800",Pedometer,961.0,0.0,0.0,650.0,0.0
"08/10/2017, 00:00:00 +0800",Pedometer,4489.0,0.0,0.0,2661.0,0.0
"08/11/2017, 00:00:00 +0800",Pedometer,8980.0,0.0,0.0,5306.0,0.0
"08/12/2017, 00:00:00 +0800",Pedometer,5561.0,0.0,0.0,3361.0,0.0
"08/13/2017, 00:00:00 +0800",Pedometer,1222.0,0.0,0.0,826.0,0.0
"08/14/2017, 00:00:00 +0800",Pedometer,7537.0,0.0,0.0,4503.0,0.0
"08/15/2017, 00:00:00 +0800",Pedometer,10216.0,0.0,0.0,5969.0,0.0
"08/16/2017, 00:00:00 +0800",Pedometer,6816.0,0.0,0.0,4036.0,0.0
"08/17/2017, 00:00:00 +0800",Pedometer,1984.0,0.0,0.0,1137.0,0.0
"08/18/2017, 00:00:00 +0800",Pedometer,5652.0,0.0,0.0,3477.0,0.0
"08/19/2017, 00:00:00 +0800",Pedometer,613.0,0.0,0.0,401.0,0.0
"08/20/2017, 00:00:00 +0800",Pedometer,320.0,0.0,0.0,225.0,0.0
"08/21/2017, 00:00:00 +0800",Pedometer,10983.0,0.0,0.0,6560.0,0.0
"08/22/2017, 00:00:00 +0800",Pedometer,10597.0,0.0,0.0,6456.0,0.0
"08/23/2017, 00:00:00 +0800",Pedometer,7194.0,0.0,0.0,4186.0,0.0
"08/24/2017, 00:00:00 +0800",Pedometer,3810.0,0.0,0.0,2242.0,0.0
"08/25/2017, 00:00:00 +0800",Pedometer,4921.0,0.0,0.0,2916.0,0.0
"08/26/2017, 00:00:00 +0800",Pedometer,3979.0,0.0,0.0,2423.0,0.0
"08/27/2017, 00:00:00 +0800",Pedometer,682.0,0.0,0.0,441.0,0.0
"08/28/2017, 00:00:00 +0800",Pedometer,13375.0,0.0,0.0,7960.0,0.0
"08/29/2017, 00:00:00 +0800",Pedometer,6405.0,0.0,0.0,3929.0,0.0
"08/30/2017, 00:00:00 +0800",Pedometer,4476.0,0.0,0.0,2702.0,0.0
"08/31/2017, 00:00:00 +0800",Pedometer,5826.0,0.0,0.0,3534.0,0.0
"09/01/2017, 00:00:00 +0800",Pedometer,4002.0,0.0,0.0,2360.0,0.0
"09/02/2017, 00:00:00 +0800",Pedometer,595.0,0.0,0.0,402.0,0.0
"09/03/2017, 00:00:00 +0800",Pedometer,1516.0,0.0,0.0,964.0,0.0
"09/04/2017, 00:00:00 +0800",Pedometer,1076.0,0.0,0.0,678.0,0.0
"09/05/2017, 00:00:00 +0800",Pedometer,10443.0,0.0,0.0,6204.0,0.0
"09/06/2017, 00:00:00 +0800",Pedometer,473.0,0.0,0.0,301.0,0.0
"09/07/2017, 00:00:00 +0800",Pedometer,6694.0,0.0,0.0,4052.0,0.0
"09/08/2017, 00:00:00 +0800",Pedometer,9385.0,0.0,0.0,5635.0,0.0
"09/09/2017, 00:00:00 +0800",Pedometer,17348.0,0.0,0.0,9980.0,0.0
"09/10/2017, 00:00:00 +0800",Pedometer,2059.0,0.0,0.0,1272.0,0.0
"09/11/2017, 00:00:00 +0800",Pedometer,792.0,0.0,0.0,538.0,0.0
"09/12/2017, 00:00:00 +0800",Pedometer,1331.0,0.0,0.0,877.0,0.0
"09/13/2017, 00:00:00 +0800",Pedometer,7277.0,0.0,0.0,4429.0,0.0
"09/14/2017, 00:00:00 +0800",Pedometer,2278.0,0.0,0.0,1413.0,0.0
"09/15/2017, 00:00:00 +0800",Pedometer,1477.0,0.0,0.0,1010.0,0.0
"09/16/2017, 00:00:00 +0800",Pedometer,435.0,0.0,0.0,282.0,0.0
"09/17/2017, 00:00:00 +0800",Pedometer,492.0,0.0,0.0,305.0,0.0
"09/18/2017, 00:00:00 +0800",Pedometer,5900.0,0.0,0.0,3592.0,0.0
"09/19/2017, 00:00:00 +0800",Pedometer,7322.0,0.0,0.0,4627.0,0.0
"09/20/2017, 00:00:00 +0800",Pedometer,7197.0,0.0,0.0,4278.0,0.0
"09/21/2017, 00:00:00 +0800",Pedometer,7795.0,0.0,0.0,4551.0,0.0
"09/22/2017, 00:00:00 +0800",Pedometer,5105.0,0.0,0.0,3076.0,0.0
"09/23/2017, 00:00:00 +0800",Pedometer,6781.0,0.0,0.0,3950.0,0.0
"09/24/2017, 00:00:00 +0800",Pedometer,300.0,0.0,0.0,202.0,0.0
"09/25/2017, 00:00:00 +0800",Pedometer,5278.0,0.0,0.0,3250.0,0.0
"09/26/2017, 00:00:00 +0800",Pedometer,4809.0,0.0,0.0,2970.0,0.0
"09/27/2017, 00:00:00 +0800",Pedometer,4482.0,0.0,0.0,2799.0,0.0
"09/28/2017, 00:00:00 +0800",Pedometer,5272.0,0.0,0.0,3179.0,0.0
"09/29/2017, 00:00:00 +0800",Pedometer,7695.0,0.0,0.0,4470.0,0.0
"09/30/2017, 00:00:00 +0800",Pedometer,1550.0,0.0,0.0,971.0,0.0
"10/01/2017, 00:00:00 +0800",Pedometer,8120.0,0.0,0.0,4821.0,0.0
"10/02/2017, 00:00:00 +0800",Pedometer,4223.0,0.0,0.0,2566.0,0.0
"10/03/2017, 00:00:00 +0800",Pedometer,4402.0,0.0,0.0,2656.0,0.0
"10/04/2017, 00:00:00 +0800",Pedometer,1631.0,0.0,0.0,941.0,0.0
"10/05/2017, 00:00:00 +0800",Pedometer,5973.0,0.0,0.0,3670.0,0.0
"10/06/2017, 00:00:00 +0800",Pedometer,7842.0,0.0,0.0,4712.0,0.0
"10/07/2017, 00:00:00 +0800",Pedometer,1068.0,0.0,0.0,705.0,0.0
"10/08/2017, 00:00:00 +0800",Pedometer,3574.0,0.0,0.0,2076.0,0.0
"10/09/2017, 00:00:00 +0800",Pedometer,2302.0,0.0,0.0,1393.0,0.0
"10/10/2017, 00:00:00 +0800",Pedometer,7695.0,0.0,0.0,4865.0,0.0
"10/11/2017, 00:00:00 +0800",Pedometer,5785.0,0.0,0.0,3500.0,0.0
"10/12/2017, 00:00:00 +0800",Pedometer,13209.0,0.0,0.0,8368.0,0.0
"10/13/2017, 00:00:00 +0800",Pedometer,10323.0,0.0,0.0,6313.0,0.0
"10/14/2017, 00:00:00 +0800",Pedometer,2687.0,0.0,0.0,1635.0,0.0
"10/15/2017, 00:00:00 +0800",Pedometer,2769.0,0.0,0.0,1658.0,0.0
"10/16/2017, 00:00:00 +0800",Pedometer,8655.0,0.0,0.0,5151.0,0.0
"10/17/2017, 00:00:00 +0800",Pedometer,6851.0,0.0,0.0,4328.0,0.0
"10/18/2017, 00:00:00 +0800",Pedometer,875.0,0.0,0.0,581.0,0.0
"10/19/2017, 00:00:00 +0800",Pedometer,2012.0,0.0,0.0,1193.0,0.0
"10/20/2017, 00:00:00 +0800",Pedometer,5116.0,0.0,0.0,3229.0,0.0
"10/21/2017, 00:00:00 +0800",Pedometer,1032.0,0.0,0.0,691.0,0.0
"10/22/2017, 00:00:00 +0800",Pedometer,1154.0,0.0,0.0,776.0,0.0
"10/23/2017, 00:00:00 +0800",Pedometer,9257.0,0.0,0.0,5586.0,0.0
"10/24/2017, 00:00:00 +0800",Pedometer,6118.0,0.0,0.0,4089.0,0.0
"10/25/2017, 00:00:00 +0800",Pedometer,9268.0,0.0,0.0,6118.0,0.0
"10/26/2017, 00:00:00 +0800",Pedometer,5861.0,0.0,0.0,3598.0,0.0
"10/27/2017, 00:00:00 +0800",Pedometer,712.0,0.0,0.0,493.0,0.0
"10/28/2017, 00:00:00 +0800",Pedometer,4681.0,0.0,0.0,2793.0,0.0
"10/29/2017, 00:00:00 +0800",Pedometer,678.0,0.0,0.0,445.0,0.0
"10/30/2017, 00:00:00 +0800",Pedometer,4807.0,0.0,0.0,2932.0,0.0
"10/31/2017, 00:00:00 +0800",Pedometer,4619.0,0.0,0.0,2789.0,0.0
"11/01/2017, 00:00:00 +0800",Pedometer,5947.0,0.0,0.0,3715.0,0.0
"11/02/2017, 00:00:00 +0800",Pedometer,394.0,0.0,0.0,267.0,0.0
"11/03/2017, 00:00:00 +0800",Pedometer,6754.0,0.0,0.0,3914.0,0.0
"11/04/2017, 00:00:00 +0800",Pedometer,12418.0,0.0,0.0,7053.0,0.0
"11/05/2017, 00:00:00 +0800",Pedometer,9156.0,0.0,0.0,5362.0,0.0
"11/06/2017, 00:00:00 +0800",Pedometer,12176.0,0.0,0.0,7234.0,0.0
"11/07/2017, 00:00:00 +0800",Pedometer,5333.0,0.0,0.0,3218.0,0.0
"11/08/2017, 00:00:00 +0800",Pedometer,3343.0,0.0,0.0,2188.0,0.0
"11/09/2017, 00:00:00 +0800",Pedometer,6300.0,0.0,0.0,3912.0,0.0
"11/10/2017, 00:00:00 +0800",Pedometer,3441.0,0.0,0.0,2107.0,0.0
"11/11/2017, 00:00:00 +0800",Pedometer,345.0,0.0,0.0,241.0,0.0
"11/12/2017, 00:00:00 +0800",Pedometer,2475.0,0.0,0.0,1540.0,0.0
"11/13/2017, 00:00:00 +0800",Pedometer,541.0,0.0,0.0,361.0,0.0
"11/14/2017, 00:00:00 +0800",Pedometer,482.0,0.0,0.0,322.0,0.0
"11/15/2017, 00:00:00 +0800",Pedometer,4084.0,0.0,0.0,2534.0,0.0
"11/16/2017, 00:00:00 +0800",Pedometer,5867.0,0.0,0.0,3616.0,0.0
"11/17/2017, 00:00:00 +0800",Pedometer,5013.0,0.0,0.0,3246.0,0.0
"11/18/2017, 00:00:00 +0800",Pedometer,352.0,0.0,0.0,232.0,0.0
"11/19/2017, 00:00:00 +0800",Pedometer,2486.0,0.0,0.0,1471.0,0.0
"11/20/2017, 00:00:00 +0800",Pedometer,2245.0,0.0,0.0,1431.0,0.0
"11/21/2017, 00:00:00 +0800",Pedometer,4167.0,0.0,0.0,2618.0,0.0
"11/22/2017, 00:00:00 +0800",Pedometer,3709.0,0.0,0.0,2315.0,0.0
"11/23/2017, 00:00:00 +0800",Pedometer,8959.0,0.0,0.0,5611.0,0.0
"11/24/2017, 00:00:00 +0800",Pedometer,3675.0,0.0,0.0,2223.0,0.0
"11/25/2017, 00:00:00 +0800",Pedometer,385.0,0.0,0.0,265.0,0.0
"11/26/2017, 00:00:00 +0800",Pedometer,13100.0,0.0,0.0,7733.0,0.0
"11/27/2017, 00:00:00 +0800",Pedometer,12589.0,0.0,0.0,7694.0,0.0
"11/28/2017, 00:00:00 +0800",Pedometer,3442.0,0.0,0.0,2187.0,0.0
"11/29/2017, 00:00:00 +0800",Pedometer,2332.0,0.0,0.0,1452.0,0.0
"11/30/2017, 00:00:00 +0800",Pedometer,7440.0,0.0,0.0,4658.0,0.0
"12/01/2017, 00:00:00 +0800",Pedometer,9358.0,0.0,0.0,5769.0,0.0
"12/02/2017, 00:00:00 +0800",Pedometer,3036.0,0.0,0.0,1873.0,0.0
"12/03/2017, 00:00:00 +0800",Pedometer,2073.0,0.0,0.0,1240.0,0.0
"12/04/2017, 00:00:00 +0800",Pedometer,9212.0,0.0,0.0,5620.0,0.0
"12/05/2017, 00:00:00 +0800",Pedometer,5645.0,0.0,0.0,3505.0,0.0
"12/06/2017, 00:00:00 +0800",Pedometer,2527.0,0.0,0.0,1560.0,0.0
"12/07/2017, 00:00:00 +0800",Pedometer,2351.0,0.0,0.0,1460.0,0.0
"12/08/2017, 00:00:00 +0800",Pedometer,8525.0,0.0,0.0,5360.0,0.0
"12/09/2017, 00:00:00 +0800",Pedometer,1407.0,0.0,0.0,855.0,0.0
"12/10/2017, 00:00:00 +0800",Pedometer,771.0,0.0,0.0,535.0,0.0
"12/11/2017, 00:00:00 +0800",Pedometer,8412.0,0.0,0.0,5269.0,0.0
"12/12/2017, 00:00:00 +0800",Pedometer,6650.0,0.0,0.0,4311.0,0.0
"12/13/2017, 00:00:00 +0800",Pedometer,11941.0,0.0,0.0,7549.0,0.0
"12/14/2017, 00:00:00 +0800",Pedometer,12275.0,0.0,0.0,7594.0,0.0
"12/15/2017, 00:00:00 +0800",Pedometer,12283.0,0.0,0.0,7170.0,0.0
"12/16/2017, 00:00:00 +0800",Pedometer,7644.0,0.0,0.0,4621.0,0.0
"12/17/2017, 00:00:00 +0800",Pedometer,10949.0,0.0,0.0,6772.0,0.0
"12/18/2017, 00:00:00 +0800",Pedometer,10335.0,0.0,0.0,6462.0,0.0
"12/19/2017, 00:00:00 +0800",Pedometer,7664.0,0.0,0.0,4602.0,0.0
"12/20/2017, 00:00:00 +0800",Pedometer,10899.0,0.0,0.0,7146.0,0.0
"12/21/2017, 00:00:00 +0800",Pedometer,10566.0,0.0,0.0,6520.0,0.0
"12/22/2017, 00:00:00 +0800",Pedometer,15165.0,0.0,0.0,9419.0,0.0
"12/23/2017, 00:00:00 +0800",Pedometer,17875.0,0.0,0.0,11014.0,0.0
"12/24/2017, 00:00:00 +0800",Pedometer,4121.0,0.0,0.0,2424.0,0.0
"12/25/2017, 00:00:00 +0800",Pedometer,7108.0,0.0,0.0,5011.0,0.0
"12/26/2017, 00:00:00 +0800",Pedometer,338.0,0.0,0.0,244.0,0.0
"12/27/2017, 00:00:00 +0800",Pedometer,7983.0,0.0,0.0,4942.0,0.0
"12/28/2017, 00:00:00 +0800",Pedometer,353.0,0.0,0.0,241.0,0.0
"12/29/2017, 00:00:00 +0800",Pedometer,10618.0,0.0,0.0,6297.0,0.0
"12/30/2017, 00:00:00 +0800",Pedometer,365.0,0.0,0.0,259.0,0.0
"12/31/2017, 00:00:00 +0800",Pedometer,840.0,0.0,0.0,578.0,0.0
"01/01/2018, 00:00:00 +0800",Pedometer,1301.0,0.0,0.0,796.0,0.0
"01/02/2018, 00:00:00 +0800",Pedometer,869.0,0.0,0.0,602.0,0.0
"01/03/2018, 00:00:00 +0800",Pedometer,2069.0,0.0,0.0,1333.0,0.0
"01/04/2018, 00:00:00 +0800",Pedometer,7715.0,0.0,0.0,4625.0,0.0
"01/05/2018, 00:00:00 +0800",Pedometer,6153.0,0.0,0.0,3943.0,0.0
"01/06/2018, 00:00:00 +0800",Pedometer,3904.0,0.0,0.0,2377.0,0.0
"01/07/2018, 00:00:00 +0800",Pedometer,799.0,0.0,0.0,525.0,0.0
"01/08/2018, 00:00:00 +0800",Pedometer,8198.0,0.0,0.0,4996.0,0.0
"01/09/2018, 00:00:00 +0800",Pedometer,989.0,0.0,0.0,691.0,0.0
"01/10/2018, 00:00:00 +0800",Pedometer,606.0,0.0,0.0,396.0,0.0
"01/11/2018, 00:00:00 +0800",Pedometer,257.0,0.0,0.0,183.0,0.0
"01/12/2018, 00:00:00 +0800",Pedometer,944.0,0.0,0.0,653.0,0.0
"01/13/2018, 00:00:00 +0800",Pedometer,577.0,0.0,0.0,389.0,0.0
"01/14/2018, 00:00:00 +0800",Pedometer,2193.0,0.0,0.0,1337.0,0.0
"01/15/2018, 00:00:00 +0800",Pedometer,8840.0,0.0,0.0,5191.0,0.0
"01/16/2018, 00:00:00 +0800",Pedometer,6113.0,0.0,0.0,3980.0,0.0
"01/17/2018, 00:00:00 +0800",Pedometer,5107.0,0.0,0.0,2995.0,0.0
"01/18/2018, 00:00:00 +0800",Pedometer,862.0,0.0,0.0,621.0,0.0
"01/19/2018, 00:00:00 +0800",Pedometer,9692.0,0.0,0.0,6302.0,0.0
"01/20/2018, 00:00:00 +0800",Pedometer,597.0,0.0,0.0,422.0,0.0
"01/21/2018, 00:00:00 +0800",Pedometer,2646.0,0.0,0.0,1563.0,0.0
"01/22/2018, 00:00:00 +0800",Pedometer,609.0,0.0,0.0,412.0,0.0
"01/23/2018, 00:00:00 +0800",Pedometer,3689.0,0.0,0.0,2159.0,0.0
"01/24/2018, 00:00:00 +0800",Pedometer,318.0,0.0,0.0,210.0,0.0
"01/25/2018, 00:00:00 +0800",Pedometer,354.0,0.0,0.0,250.0,0.0
"01/26/2018, 00:00:00 +0800",Pedometer,7086.0,0.0,0.0,4305.0,0.0
"01/27/2018, 00:00:00 +0800",Pedometer,146.0,0.0,0.0,106.0,0.0
"01/28/2018, 00:00:00 +0800",Pedometer,3023.0,0.0,0.0,1864.0,0.0
"01/29/2018, 00:00:00 +0800",Pedometer,3654.0,0.0,0.0,2279.0,0.0
"01/30/2018, 00:00:00 +0800",Pedometer,3358.0,0.0,0.0,2136.0,0.0
"01/31/2018, 00:00:00 +0800",Pedometer,953.0,0.0,0.0,629.0,0.0
"02/01/2018, 00:00:00 +0800",Pedometer,803.0,0.0,0.0,540.0,0.0
"02/02/2018, 00:00:00 +0800",Pedometer,8921.0,0.0,0.0,5662.0,0.0
"02/03/2018, 00:00:00 +0800",Pedometer,1455.0,0.0,0.0,878.0,0.0
"02/04/2018, 00:00:00 +0800",Pedometer,664.0,0.0,0.0,464.0,0.0
"02/05/2018, 00:00:00 +0800",Pedometer,8920.0,0.0,0.0,5613.0,0.0
"02/06/2018, 00:00:00 +0800",Pedometer,5168.0,0.0,0.0,3300.0,0.0
"02/07/2018, 00:00:00 +0800",Pedometer,503.0,0.0,0.0,320.0,0.0
"02/08/2018, 00:00:00 +0800",Pedometer,4295.0,0.0,0.0,2652.0,0.0
"02/09/2018, 00:00:00 +0800",Pedometer,666.0,0.0,0.0,456.0,0.0
"02/10/2018, 00:00:00 +0800",Pedometer,660.0,0.0,0.0,442.0,0.0
"02/11/2018, 00:00:00 +0800",Pedometer,1485.0,0.0,0.0,1019.0,0.0
"02/12/2018, 00:00:00 +0800",Pedometer,2295.0,0.0,0.0,1490.0,0.0
"02/13/2018, 00:00:00 +0800",Pedometer,1550.0,0.0,0.0,981.0,0.0
"02/14/2018, 00:00:00 +0800",Pedometer,853.0,0.0,0.0,547.0,0.0
"02/15/2018, 00:00:00 +0800",Pedometer,4752.0,0.0,0.0,3057.0,0.0
"02/16/2018, 00:00:00 +0800",Pedometer,5007.0,0.0,0.0,3314.0,0.0
"02/17/2018, 00:00:00 +0800",Pedometer,499.0,0.0,0.0,311.0,0.0
"02/18/2018, 00:00:00 +0800",Pedometer,474.0,0.0,0.0,338.0,0.0
"02/19/2018, 00:00:00 +0800",Pedometer,1917.0,0.0,0.0,1226.0,0.0
"02/20/2018, 00:00:00 +0800",Pedometer,11671.0,0.0,0.0,7228.0,0.0
"02/21/2018, 00:00:00 +0800",Pedometer,2478.0,0.0,0.0,1577.0,0.0
"02/22/2018, 00:00:00 +0800",Pedometer,6017.0,0.0,0.0,3672.0,0.0
"02/23/2018, 00:00:00 +0800",Pedometer,7439.0,0.0,0.0,4678.0,0.0
"02/24/2018, 00:00:00 +0800",Pedometer,796.0,0.0,0.0,556.0,0.0
"02/25/2018, 00:00:00 +0800",Pedometer,4962.0,0.0,0.0,3011.0,0.0
"02/26/2018, 00:00:00 +0800",Pedometer,5838.0,0.0,0.0,3722.0,0.0
"02/27/2018, 00:00:00 +0800",Pedometer,8514.0,0.0,0.0,5040.0,0.0
"02/28/2018, 00:00:00 +0800",Pedometer,23003.0,0.0,0.0,14121.0,0.0
"03/01/2018, 00:00:00 +0800",Pedometer,14750.0,0.0,0.0,9798.0,0.0
"03/02/2018, 00:00:00 +0800",Pedometer,13397.0,0.0,0.0,7928.0,0.0
"03/03/2018, 00:00:00 +0800",Pedometer,16738.0,0.0,0.0,10799.0,0.0
"03/04/2018, 00:00:00 +0800",Pedometer,14933.0,0.0,0.0,9645.0,0.0
"03/05/2018, 00:00:00 +0800",Pedometer,14176.0,0.0,0.0,8599.0,0.0
"03/06/2018, 00:00:00 +0800",Pedometer,24600.0,0.0,0.0,15727.0,0.0
"03/07/2018, 00:00:00 +0800",Pedometer,20150.0,0.0,0.0,13013.0,0.0
"03/08/2018, 00:00:00 +0800",Pedometer,12995.0,0.0,0.0,8100.0,0.0
"03/09/2018, 00:00:00 +0800",Pedometer,13154.0,0.0,0.0,8157.0,0.0
"03/10/2018, 00:00:00 +0800",Pedometer,22550.0,0.0,0.0,13398.0,0.0
"03/11/2018, 00:00:00 +0800",Pedometer,17062.0,0.0,0.0,10226.0,0.0
"03/12/2018, 00:00:00 +0800",Pedometer,5777.0,0.0,0.0,3391.0,0.0
"03/13/2018, 00:00:00 +0800",Pedometer,2756.0,0.0,0.0,1728.0,0.0
"03/14/2018, 00:00:00 +0800",Pedometer,1252.0,0.0,0.0,840.0,0.0
"03/15/2018, 00:00:00 +0800",Pedometer,5948.0,0.0,0.0,3610.0,0.0
"03/16/2018, 00:00:00 +0800",Pedometer,8023.0,0.0,0.0,4685.0,0.0
"03/17/2018, 00:00:00 +0800",Pedometer,1499.0,0.0,0.0,1062.0,0.0
"03/18/2018, 00:00:00 +0800",Pedometer,783.0,0.0,0.0,522.0,0.0
"03/19/2018, 00:00:00 +0800",Pedometer,7011.0,0.0,0.0,4203.0,0.0
"03/20/2018, 00:00:00 +0800",Pedometer,6181.0,0.0,0.0,3686.0,0.0
"03/21/2018, 00:00:00 +0800",Pedometer,7659.0,0.0,0.0,4544.0,0.0
"03/22/2018, 00:00:00 +0800",Pedometer,4858.0,0.0,0.0,2997.0,0.0
"03/23/2018, 00:00:00 +0800",Pedometer,7365.0,0.0,0.0,4360.0,0.0
"03/24/2018, 00:00:00 +0800",Pedometer,1453.0,0.0,0.0,966.0,0.0
"03/25/2018, 00:00:00 +0800",Pedometer,4902.0,0.0,0.0,2970.0,0.0
"03/26/2018, 00:00:00 +0800",Pedometer,8177.0,0.0,0.0,4758.0,0.0
"03/27/2018, 00:00:00 +0800",Pedometer,8306.0,0.0,0.0,4820.0,0.0
"03/28/2018, 00:00:00 +0800",Pedometer,5727.0,0.0,0.0,3386.0,0.0
"03/29/2018, 00:00:00 +0800",Pedometer,10385.0,0.0,0.0,5959.0,0.0
"03/30/2018, 00:00:00 +0800",Pedometer,2123.0,0.0,0.0,1366.0,0.0
"03/31/2018, 00:00:00 +0800",Pedometer,1131.0,0.0,0.0,788.0,0.0
"04/01/2018, 00:00:00 +0800",Pedometer,1099.0,0.0,0.0,760.0,0.0
"04/02/2018, 00:00:00 +0800",Pedometer,6599.0,0.0,0.0,3891.0,0.0
"04/03/2018, 00:00:00 +0800",Pedometer,5546.0,0.0,0.0,3441.0,0.0
"04/04/2018, 00:00:00 +0800",Pedometer,9039.0,0.0,0.0,5508.0,0.0
"04/05/2018, 00:00:00 +0800",Pedometer,6831.0,0.0,0.0,4355.0,0.0
"04/06/2018, 00:00:00 +0800",Pedometer,9607.0,0.0,0.0,5925.0,0.0
"04/07/2018, 00:00:00 +0800",Pedometer,1797.0,0.0,0.0,1149.0,0.0
"04/08/2018, 00:00:00 +0800",Pedometer,3782.0,0.0,0.0,2326.0,0.0
"04/09/2018, 00:00:00 +0800",Pedometer,11673.0,0.0,0.0,7606.0,0.0
"04/10/2018, 00:00:00 +0800",Pedometer,9944.0,0.0,0.0,6202.0,0.0
"04/11/2018, 00:00:00 +0800",Pedometer,5722.0,0.0,0.0,3476.0,0.0
"04/12/2018, 00:00:00 +0800",Pedometer,6180.0,0.0,0.0,3869.0,0.0
"04/13/2018, 00:00:00 +0800",Pedometer,9439.0,0.0,0.0,5924.0,0.0
"04/14/2018, 00:00:00 +0800",Pedometer,3681.0,0.0,0.0,2251.0,0.0
"04/15/2018, 00:00:00 +0800",Pedometer,1216.0,0.0,0.0,755.0,0.0
"04/16/2018, 00:00:00 +0800",Pedometer,9077.0,0.0,0.0,5365.0,0.0
"04/17/2018, 00:00:00 +0800",Pedometer,6930.0,0.0,0.0,4217.0,0.0
"04/18/2018, 00:00:00 +0800",Pedometer,11198.0,0.0,0.0,6944.0,0.0
"04/19/2018, 00:00:00 +0800",Pedometer,8928.0,0.0,0.0,5317.0,0.0
"04/20/2018, 00:00:00 +0800",Pedometer,3612.0,0.0,0.0,2230.0,0.0
"04/21/2018, 00:00:00 +0800",Pedometer,614.0,0.0,0.0,405.0,0.0
"04/22/2018, 00:00:00 +0800",Pedometer,2274.0,0.0,0.0,1429.0,0.0
"04/23/2018, 00:00:00 +0800",Pedometer,7700.0,0.0,0.0,4569.0,0.0
"04/24/2018, 00:00:00 +0800",Pedometer,9333.0,0.0,0.0,5715.0,0.0
"04/25/2018, 00:00:00 +0800",Pedometer,2972.0,0.0,0.0,1798.0,0.0
"04/26/2018, 00:00:00 +0800",Pedometer,12376.0,0.0,0.0,7525.0,0.0
"04/27/2018, 00:00:00 +0800",Pedometer,7205.0,0.0,0.0,4365.0,0.0
"04/28/2018, 00:00:00 +0800",Pedometer,3615.0,0.0,0.0,2283.0,0.0
"04/29/2018, 00:00:00 +0800",Pedometer,1008.0,0.0,0.0,638.0,0.0
"04/30/2018, 00:00:00 +0800",Pedometer,3930.0,0.0,0.0,2545.0,0.0
"05/01/2018, 00:00:00 +0800",Pedometer,9756.0,0.0,0.0,5822.0,0.0
"05/02/2018, 00:00:00 +0800",Pedometer,13602.0,0.0,0.0,8937.0,0.0
"05/03/2018, 00:00:00 +0800",Pedometer,1114.0,0.0,0.0,720.0,0.0
"05/04/2018, 00:00:00 +0800",Pedometer,7093.0,0.0,0.0,4280.0,0.0
"05/05/2018, 00:00:00 +0800",Pedometer,2055.0,0.0,0.0,1247.0,0.0
"05/06/2018, 00:00:00 +0800",Pedometer,1381.0,0.0,0.0,855.0,0.0
"05/07/2018, 00:00:00 +0800",Pedometer,7053.0,0.0,0.0,4212.0,0.0
"05/08/2018, 00:00:00 +0800",Pedometer,8052.0,0.0,0.0,4840.0,0.0
"05/09/2018, 00:00:00 +0800",Pedometer,6910.0,0.0,0.0,4110.0,0.0
"05/10/2018, 00:00:00 +0800",Pedometer,3918.0,0.0,0.0,2529.0,0.0
"05/11/2018, 00:00:00 +0800",Pedometer,2269.0,0.0,0.0,1480.0,0.0
"05/12/2018, 00:00:00 +0800",Pedometer,1217.0,0.0,0.0,754.0,0.0
"05/13/2018, 00:00:00 +0800",Pedometer,1727.0,0.0,0.0,1130.0,0.0
"05/14/2018, 00:00:00 +0800",Pedometer,5128.0,0.0,0.0,3193.0,0.0
"05/15/2018, 00:00:00 +0800",Pedometer,6218.0,0.0,0.0,3663.0,0.0
"05/16/2018, 00:00:00 +0800",Pedometer,1144.0,0.0,0.0,779.0,0.0
"05/17/2018, 00:00:00 +0800",Pedometer,5435.0,0.0,0.0,3386.0,0.0
"05/18/2018, 00:00:00 +0800",Pedometer,9510.0,0.0,0.0,6036.0,0.0
"05/19/2018, 00:00:00 +0800",Pedometer,806.0,0.0,0.0,494.0,0.0
"05/20/2018, 00:00:00 +0800",Pedometer,1023.0,0.0,0.0,640.0,0.0
"05/21/2018, 00:00:00 +0800",Pedometer,6857.0,0.0,0.0,4214.0,0.0
"05/22/2018, 00:00:00 +0800",Pedometer,9589.0,0.0,0.0,5936.0,0.0
"05/23/2018, 00:00:00 +0800",Pedometer,4958.0,0.0,0.0,2884.0,0.0
"05/24/2018, 00:00:00 +0800",Pedometer,22761.0,0.0,0.0,13638.0,0.0
"05/25/2018, 00:00:00 +0800",Pedometer,28122.0,0.0,0.0,16881.0,0.0
"05/26/2018, 00:00:00 +0800",Pedometer,9112.0,0.0,0.0,5588.0,0.0
"05/27/2018, 00:00:00 +0800",Pedometer,4733.0,0.0,0.0,2927.0,0.0
"05/28/2018, 00:00:00 +0800",Pedometer,4691.0,0.0,0.0,2965.0,0.0
"05/29/2018, 00:00:00 +0800",Pedometer,3141.0,0.0,0.0,2030.0,0.0
"05/30/2018, 00:00:00 +0800",Pedometer,9036.0,0.0,0.0,5677.0,0.0
"05/31/2018, 00:00:00 +0800",Pedometer,8919.0,0.0,0.0,5520.0,0.0
"06/01/2018, 00:00:00 +0800",Pedometer,10077.0,0.0,0.0,6187.0,0.0
"06/02/2018, 00:00:00 +0800",Pedometer,1394.0,0.0,0.0,858.0,0.0
"06/03/2018, 00:00:00 +0800",Pedometer,1876.0,0.0,0.0,1211.0,0.0
"06/04/2018, 00:00:00 +0800",Pedometer,1562.0,0.0,0.0,1063.0,0.0
"06/05/2018, 00:00:00 +0800",Pedometer,4785.0,0.0,0.0,3286.0,0.0
"06/06/2018, 00:00:00 +0800",Pedometer,1137.0,0.0,0.0,768.0,0.0
"06/07/2018, 00:00:00 +0800",Pedometer,5924.0,0.0,0.0,3772.0,0.0
"06/08/2018, 00:00:00 +0800",Pedometer,3814.0,0.0,0.0,2517.0,0.0
"06/09/2018, 00:00:00 +0800",Pedometer,872.0,0.0,0.0,593.0,0.0
"06/10/2018, 00:00:00 +0800",Pedometer,7768.0,0.0,0.0,4896.0,0.0
"06/11/2018, 00:00:00 +0800",Pedometer,824.0,0.0,0.0,546.0,0.0
"06/12/2018, 00:00:00 +0800",Pedometer,1193.0,0.0,0.0,752.0,0.0
"06/13/2018, 00:00:00 +0800",Pedometer,10164.0,0.0,0.0,6095.0,0.0
"06/14/2018, 00:00:00 +0800",Pedometer,676.0,0.0,0.0,469.0,0.0
"06/15/2018, 00:00:00 +0800",Pedometer,3732.0,0.0,0.0,2362.0,0.0
"06/16/2018, 00:00:00 +0800",Pedometer,4240.0,0.0,0.0,2680.0,0.0
"06/17/2018, 00:00:00 +0800",Pedometer,1632.0,0.0,0.0,989.0,0.0
"06/18/2018, 00:00:00 +0800",Pedometer,1010.0,0.0,0.0,692.0,0.0
"06/19/2018, 00:00:00 +0800",Pedometer,8741.0,0.0,0.0,5397.0,0.0
"06/20/2018, 00:00:00 +0800",Pedometer,1100.0,0.0,0.0,766.0,0.0
"06/21/2018, 00:00:00 +0800",Pedometer,5647.0,0.0,0.0,3654.0,0.0
"06/22/2018, 00:00:00 +0800",Pedometer,8600.0,0.0,0.0,5474.0,0.0
"06/23/2018, 00:00:00 +0800",Pedometer,16083.0,0.0,0.0,9672.0,0.0
"06/24/2018, 00:00:00 +0800",Pedometer,14768.0,0.0,0.0,9144.0,0.0
"06/25/2018, 00:00:00 +0800",Pedometer,19635.0,0.0,0.0,12314.0,0.0
"06/26/2018, 00:00:00 +0800",Pedometer,16961.0,0.0,0.0,10345.0,0.0
"06/27/2018, 00:00:00 +0800",Pedometer,16159.0,0.0,0.0,10506.0,0.0
"06/28/2018, 00:00:00 +0800",Pedometer,14364.0,0.0,0.0,9078.0,0.0
"06/29/2018, 00:00:00 +0800",Pedometer,5797.0,0.0,0.0,3847.0,0.0
"06/30/2018, 00:00:00 +0800",Pedometer,16477.0,0.0,0.0,10123.0,0.0
"07/01/2018, 00:00:00 +0800",Pedometer,2159.0,0.0,0.0,1405.0,0.0
"07/02/2018, 00:00:00 +0800",Pedometer,1933.0,0.0,0.0,1227.0,0.0
"07/03/2018, 00:00:00 +0800",Pedometer,4680.0,0.0,0.0,2883.0,0.0
"07/04/2018, 00:00:00 +0800",Pedometer,3746.0,0.0,0.0,2384.0,0.0
"07/05/2018, 00:00:00 +0800",Pedometer,7416.0,0.0,0.0,4892.0,0.0
"07/06/2018, 00:00:00 +0800",Pedometer,8108.0,0.0,0.0,5437.0,0.0
"07/07/2018, 00:00:00 +0800",Pedometer,324.0,0.0,0.0,230.0,0.0
"07/08/2018, 00:00:00 +0800",Pedometer,775.0,0.0,0.0,503.0,0.0
"07/09/2018, 00:00:00 +0800",Pedometer,3995.0,0.0,0.0,2519.0,0.0
"07/10/2018, 00:00:00 +0800",Pedometer,5636.0,0.0,0.0,3890.0,0.0
"07/11/2018, 00:00:00 +0800",Pedometer,3350.0,0.0,0.0,2138.0,0.0
"07/12/2018, 00:00:00 +0800",Pedometer,6729.0,0.0,0.0,4541.0,0.0
"07/13/2018, 00:00:00 +0800",Pedometer,2338.0,0.0,0.0,1588.0,0.0
"07/14/2018, 00:00:00 +0800",Pedometer,1744.0,0.0,0.0,1110.0,0.0
"07/15/2018, 00:00:00 +0800",Pedometer,3756.0,0.0,0.0,2517.0,0.0
"07/16/2018, 00:00:00 +0800",Pedometer,4360.0,0.0,0.0,2929.0,0.0
"07/17/2018, 00:00:00 +0800",Pedometer,11235.0,0.0,0.0,6900.0,0.0
"07/18/2018, 00:00:00 +0800",Pedometer,5854.0,0.0,0.0,4042.0,0.0
"07/19/2018, 00:00:00 +0800",Pedometer,9344.0,0.0,0.0,6387.0,0.0
"07/20/2018, 00:00:00 +0800",Pedometer,12324.0,0.0,0.0,8000.0,0.0
"07/21/2018, 00:00:00 +0800",Pedometer,3802.0,0.0,0.0,2300.0,0.0
"07/22/2018, 00:00:00 +0800",Pedometer,12057.0,0.0,0.0,7552.0,0.0
"07/23/2018, 00:00:00 +0800",Pedometer,14436.0,0.0,0.0,9056.0,0.0
"07/24/2018, 00:00:00 +0800",Pedometer,16956.0,0.0,0.0,10099.0,0.0
"07/25/2018, 00:00:00 +0800",Pedometer,15894.0,0.0,0.0,9617.0,0.0
"07/26/2018, 00:00:00 +0800",Pedometer,16958.0,0.0,0.0,10920.0,0.0
"07/27/2018, 00:00:00 +0800",Pedometer,18812.0,0.0,0.0,11338.0,0.0
"07/28/2018, 00:00:00 +0800",Pedometer,15666.0,0.0,0.0,9342.0,0.0
"07/29/2018, 00:00:00 +0800",Pedometer,15557.0,0.0,0.0,10007.0,0.0
"07/30/2018, 00:00:00 +0800",Pedometer,12113.0,0.0,0.0,7848.0,0.0
"07/31/2018, 00:00:00 +0800",Pedometer,14153.0,0.0,0.0,8653.0,0.0
"08/01/2018, 00:00:00 +0800",Pedometer,17191.0,0.0,0.0,10527.0,0.0
"08/02/2018, 00:00:00 +0800",Pedometer,8766.0,0.0,0.0,5554.0,0.0
"08/03/2018, 00:00:00 +0800",Pedometer,13151.0,0.0,0.0,8378.0,0.0
"08/04/2018, 00:00:00 +0800",Pedometer,13056.0,0.0,0.0,8093.0,0.0
"08/05/2018, 00:00:00 +0800",Pedometer,12728.0,0.0,0.0,7359.0,0.0
"08/06/2018, 00:00:00 +0800",Pedometer,9812.0,0.0,0.0,6239.0,0.0
"08/07/2018, 00:00:00 +0800",Pedometer,8160.0,0.0,0.0,5043.0,0.0
"08/08/2018, 00:00:00 +0800",Pedometer,14452.0,0.0,0.0,8967.0,0.0
"08/09/2018, 00:00:00 +0800",Pedometer,9035.0,0.0,0.0,5407.0,0.0
"08/10/2018, 00:00:00 +0800",Pedometer,14899.0,0.0,0.0,9016.0,0.0
"08/11/2018, 00:00:00 +0800",Pedometer,10611.0,0.0,0.0,6327.0,0.0
"08/12/2018, 00:00:00 +0800",Pedometer,8168.0,0.0,0.0,4706.0,0.0
"08/13/2018, 00:00:00 +0800",Pedometer,8829.0,0.0,0.0,5400.0,0.0
"08/14/2018, 00:00:00 +0800",Pedometer,13790.0,0.0,0.0,8465.0,0.0
"08/15/2018, 00:00:00 +0800",Pedometer,10226.0,0.0,0.0,6562.0,0.0
"08/16/2018, 00:00:00 +0800",Pedometer,9029.0,0.0,0.0,5913.0,0.0
"08/17/2018, 00:00:00 +0800",Pedometer,8026.0,0.0,0.0,4885.0,0.0
"08/18/2018, 00:00:00 +0800",Pedometer,13085.0,0.0,0.0,8132.0,0.0
"08/19/2018, 00:00:00 +0800",Pedometer,12959.0,0.0,0.0,7888.0,0.0
"08/20/2018, 00:00:00 +0800",Pedometer,7771.0,0.0,0.0,4813.0,0.0
"08/21/2018, 00:00:00 +0800",Pedometer,19419.0,0.0,0.0,11814.0,0.0
"08/22/2018, 00:00:00 +0800",Pedometer,11782.0,0.0,0.0,7410.0,0.0
"08/23/2018, 00:00:00 +0800",Pedometer,10173.0,0.0,0.0,6596.0,0.0
"08/24/2018, 00:00:00 +0800",Pedometer,6180.0,0.0,0.0,4017.0,0.0
"08/25/2018, 00:00:00 +0800",Pedometer,11537.0,0.0,0.0,6943.0,0.0
"08/26/2018, 00:00:00 +0800",Pedometer,5030.0,0.0,0.0,3146.0,0.0
"08/27/2018, 00:00:00 +0800",Pedometer,11577.0,0.0,0.0,7208.0,0.0
"08/28/2018, 00:00:00 +0800",Pedometer,9400.0,0.0,0.0,5759.0,0.0
"08/29/2018, 00:00:00 +0800",Pedometer,17567.0,0.0,0.0,11530.0,0.0
"08/30/2018, 00:00:00 +0800",Pedometer,6970.0,0.0,0.0,4361.0,0.0
"08/31/2018, 00:00:00 +0800",Pedometer,19221.0,0.0,0.0,11586.0,0.0
"09/01/2018, 00:00:00 +0800",Pedometer,6925.0,0.0,0.0,4100.0,0.0
"09/02/2018, 00:00:00 +0800",Pedometer,15205.0,0.0,0.0,8769.0,0.0
"09/03/2018, 00:00:00 +0800",Pedometer,8724.0,0.0,0.0,5372.0,0.0
"09/04/2018, 00:00:00 +0800",Pedometer,11681.0,0.0,0.0,7058.0,0.0
"09/05/2018, 00:00:00 +0800",Pedometer,9030.0,0.0,0.0,5955.0,0.0
"09/06/2018, 00:00:00 +0800",Pedometer,9536.0,0.0,0.0,5941.0,0.0
"09/07/2018, 00:00:00 +0800",Pedometer,7236.0,0.0,0.0,4345.0,0.0
"09/08/2018, 00:00:00 +0800",Pedometer,8738.0,0.0,0.0,5184.0,0.0
"09/09/2018, 00:00:00 +0800",Pedometer,5095.0,0.0,0.0,3161.0,0.0
"09/10/2018, 00:00:00 +0800",Pedometer,10341.0,0.0,0.0,6137.0,0.0
"09/11/2018, 00:00:00 +0800",Pedometer,10858.0,0.0,0.0,6534.0,0.0
"09/12/2018, 00:00:00 +0800",Pedometer,11595.0,0.0,0.0,6848.0,0.0
"09/13/2018, 00:00:00 +0800",Pedometer,8366.0,0.0,0.0,4805.0,0.0
"09/14/2018, 00:00:00 +0800",Pedometer,4135.0,0.0,0.0,2383.0,0.0
"09/15/2018, 00:00:00 +0800",Pedometer,8586.0,0.0,0.0,5325.0,0.0
"09/16/2018, 00:00:00 +0800",Pedometer,8537.0,0.0,0.0,5132.0,0.0
"09/17/2018, 00:00:00 +0800",Pedometer,8564.0,0.0,0.0,5257.0,0.0
"09/18/2018, 00:00:00 +0800",Pedometer,8934.0,0.0,0.0,5555.0,0.0
"09/19/2018, 00:00:00 +0800",Pedometer,9784.0,0.0,0.0,5907.0,0.0
"09/20/2018, 00:00:00 +0800",Pedometer,10010.0,0.0,0.0,6227.0,0.0
"09/21/2018, 00:00:00 +0800",Pedometer,6050.0,0.0,0.0,3705.0,0.0
"09/22/2018, 00:00:00 +0800",Pedometer,8435.0,0.0,0.0,5031.0,0.0
"09/23/2018, 00:00:00 +0800",Pedometer,1600.0,0.0,0.0,1017.0,0.0
"09/24/2018, 00:00:00 +0800",Pedometer,11079.0,0.0,0.0,6378.0,0.0
"09/25/2018, 00:00:00 +0800",Pedometer,1259.0,0.0,0.0,827.0,0.0
"09/26/2018, 00:00:00 +0800",Pedometer,6003.0,0.0,0.0,3798.0,0.0
"09/27/2018, 00:00:00 +0800",Pedometer,4045.0,0.0,0.0,2649.0,0.0
"09/28/2018, 00:00:00 +0800",Pedometer,8.0,0.0,0.0,3.0,0.0
"10/01/2018, 00:00:00 +0800",Pedometer,19.0,0.0,0.0,10.0,0.0
"10/05/2018, 00:00:00 +0800",Pedometer,12.0,0.0,0.0,8.0,0.0
"10/09/2018, 00:00:00 +0800",Pedometer,13.0,0.0,0.0,9.0,0.0
"10/12/2018, 00:00:00 +0800",Pedometer,17.0,0.0,0.0,3.0,0.0
"10/14/2018, 00:00:00 +0800",Pedometer,8.0,0.0,0.0,5.0,0.0
"10/15/2018, 00:00:00 +0800",Pedometer,33.0,0.0,0.0,21.0,0.0
"10/16/2018, 00:00:00 +0800",Pedometer,36.0,0.0,0.0,26.0,0.0
"10/20/2018, 00:00:00 +0800",Pedometer,29.0,0.0,0.0,20.0,0.0
"11/03/2018, 00:00:00 +0800",Pedometer,179.0,0.0,0.0,131.0,0.0
"11/14/2018, 00:00:00 +0800",Pedometer,30.0,0.0,0.0,19.0,0.0
"11/26/2018, 00:00:00 +0800",Pedometer,16.0,0.0,0.0,11.0,0.0
"11/30/2018, 00:00:00 +0800",Pedometer,8.0,0.0,0.0,5.0,0.0
"12/01/2018, 00:00:00 +0800",Pedometer,11.0,0.0,0.0,7.0,0.0
"12/02/2018, 00:00:00 +0800",Pedometer,957.0,0.0,0.0,607.0,0.0
"12/03/2018, 00:00:00 +0800",Pedometer,40.0,0.0,0.0,27.0,0.0
"12/05/2018, 00:00:00 +0800",Pedometer,27.0,0.0,0.0,18.0,0.0
"12/07/2018, 00:00:00 +0800",Pedometer,8.0,0.0,0.0,3.0,0.0
"12/08/2018, 00:00:00 +0800",Pedometer,182.0,0.0,0.0,122.0,0.0
"12/09/2018, 00:00:00 +0800",Pedometer,3163.0,0.0,0.0,2027.0,0.0
"12/14/2018, 00:00:00 +0800",Pedometer,78.0,0.0,0.0,51.0,0.0
"12/15/2018, 00:00:00 +0800",Pedometer,65.0,0.0,0.0,47.0,0.0
"12/17/2018, 00:00:00 +0800",Pedometer,471.0,0.0,0.0,272.0,0.0
"01/19/2019, 00:00:00 +0800",Pedometer,82.0,0.0,0.0,45.0,0.0
"10/15/2020, 00:00:00 +0800",Pedometer,4385.0,0.0,0.0,3010.0,0.0
"10/16/2020, 00:00:00 +0800",Pedometer,1424.0,13.2,8.3,898.0,240.0
"10/17/2020, 00:00:00 +0800",Pedometer,342.0,1.2,1.2,201.0,0.0
"10/18/2020, 00:00:00 +0800",Pedometer,4323.0,62.3,45.2,2981.0,840.0
"10/19/2020, 00:00:00 +0800",Pedometer,1462.0,10.9,7.3,902.0,180.0
"10/20/2020, 00:00:00 +0800",Pedometer,1410.0,20.0,12.6,867.0,360.0
"10/21/2020, 00:00:00 +0800",Pedometer,441.0,4.7,3.5,291.0,60.0
"10/22/2020, 00:00:00 +0800",Pedometer,5045.0,253.0,253.0,3449.0,9647.0
"10/23/2020, 00:00:00 +0800",Pedometer,564.0,38.6,38.6,373.0,1604.0
"10/24/2020, 00:00:00 +0800",Pedometer,830.0,37.7,37.7,570.0,1566.0
"10/25/2020, 00:00:00 +0800",Pedometer,605.0,39.1,39.1,387.0,1625.0
"10/26/2020, 00:00:00 +0800",Pedometer,1193.0,61.0,61.0,769.0,2536.0
"10/27/2020, 00:00:00 +0800",Pedometer,3746.0,175.2,175.2,2490.0,7285.0
"10/28/2020, 00:00:00 +0800",Pedometer,5035.0,258.1,258.1,3429.0,9657.0
"10/29/2020, 00:00:00 +0800",Pedometer,453.0,27.4,27.4,272.0,1137.0
"10/30/2020, 00:00:00 +0800",Pedometer,2095.0,88.9,88.9,1363.0,3326.0
"10/31/2020, 00:00:00 +0800",Pedometer,948.0,52.3,52.3,579.0,2175.0
"11/01/2020, 00:00:00 +0800",Pedometer,5901.0,272.3,272.3,3858.0,8721.0
"11/02/2020, 00:00:00 +0800",Pedometer,2369.0,120.4,120.4,1593.0,5009.0
"11/03/2020, 00:00:00 +0800",Pedometer,6577.0,287.8,287.8,4512.0,9540.0
"11/04/2020, 00:00:00 +0800",Pedometer,588.0,32.3,32.3,372.0,1342.0
"11/05/2020, 00:00:00 +0800",Pedometer,1841.0,97.7,97.7,1225.0,4065.0
"11/06/2020, 00:00:00 +0800",Pedometer,1877.0,95.7,95.7,1227.0,3980.0
"11/07/2020, 00:00:00 +0800",Pedometer,997.0,66.0,66.0,631.0,2746.0
"11/08/2020, 00:00:00 +0800",Pedometer,885.0,51.7,51.7,545.0,2148.0
